<?xml version="1.0" encoding="UTF-8" standalone="yes"?>
<preferences>
    <user id="61 - bdk00551@ad.bdk-bank.de">
        <mandant id="LM02">
            <search>
                <amtlichesKennzeichen>AN-LO-555</amtlichesKennzeichen>
                <angebot>3996675</angebot>
                <fahrer>155169</fahrer>
                <fahrgestellNummer>TMAJ3812HLJ995281</fahrgestellNummer>
                <internesKennzeichen>1100226006</internesKennzeichen>
                <kunde>7674105</kunde>
                <vertrag>3832349</vertrag>
                <antrag>3999133</antrag>
            </search>
        </mandant>
        <mandant id="LM01">
            <search>
                <amtlichesKennzeichen>RP-AG-997</amtlichesKennzeichen>
                <fahrer>152116</fahrer>
                <fahrgestellNummer>TMBJJ7PS3ST021170</fahrgestellNummer>
                <internesKennzeichen>1100387899</internesKennzeichen>
                <kunde>7302478</kunde>
                <vertrag>3994579</vertrag>
                <antrag>3975788</antrag>
            </search>
        </mandant>
    </user>
</preferences>
